55.37,10.50,37.29,0.50,252.96,1.54,1.00,0.93,8.59,25.38,1.00,0.68,29.540798,12.213923
57.33,10.50,36.74,0.53,344.23,1.85,0.94,0.70,8.27,30.65,5.00,0.54,25.673048,9.996197
24.99,11.90,32.37,0.30,60.02,1.91,0.39,0.20,4.48,11.12,2.00,0.38,68.829834,13.949158
26.95,8.40,28.84,0.41,72.89,1.17,0.92,0.55,4.75,12.22,2.00,0.39,60.470116,7.939151
23.52,7.00,20.16,0.73,76.56,1.48,0.90,0.71,3.65,11.62,3.00,0.77,58.777760,8.193652
47.53,10.50,40.10,0.37,94.32,1.50,0.87,0.36,10.04,20.35,4.00,0.28,43.434128,4.470870
17.64,6.30,18.29,0.66,50.84,1.51,0.67,0.67,2.21,6.73,1.00,0.72,66.754135,7.356621
21.07,6.30,18.68,0.76,117.60,1.47,0.92,0.92,5.85,19.47,8.00,0.45,57.497585,6.794491
124.46,22.40,70.72,0.31,576.36,1.74,0.90,0.13,28.29,48.10,-7.00,0.19,33.554188,62.483921
179.83,21.00,80.73,0.35,1142.31,1.76,0.87,0.73,54.29,143.07,15.00,0.19,95.975655,178.305435
7.35,4.90,11.88,0.65,24.50,1.51,0.62,0.62,2.00,4.88,1.00,0.72,78.274689,9.371350
4.41,2.80,7.74,0.93,13.47,1.35,0.60,0.56,1.09,3.12,1.00,0.82,93.521889,16.746830
26.46,8.40,24.70,0.55,61.86,1.54,0.71,0.51,6.71,13.43,3.00,0.47,55.614735,1.182935
55.86,20.30,56.67,0.22,145.16,1.54,0.76,0.21,8.46,23.23,3.00,0.18,42.078606,18.552532
111.23,12.60,55.25,0.46,1357.30,1.72,0.91,0.70,5.03,37.83,4.00,0.70,3.084677,48.495094
125.44,14.70,66.45,0.36,866.69,1.74,1.00,0.88,21.38,78.80,11.00,0.37,13.931942,58.769581
107.31,15.40,57.36,0.41,1220.10,1.64,0.96,0.91,7.46,43.47,-2.00,0.44,0.873297,46.366058
7.35,4.90,12.04,0.64,23.89,1.77,0.60,0.36,2.71,6.18,2.00,0.57,79.827698,8.875689
51.94,12.60,45.50,0.32,479.59,1.67,0.83,0.65,13.62,52.05,8.00,0.55,22.854191,11.724947
23.03,8.40,25.25,0.45,133.52,1.34,0.73,0.73,8.98,20.97,2.00,0.42,54.401863,3.049075
9.80,4.20,12.27,0.82,50.84,1.61,1.00,0.75,2.79,7.72,2.00,0.74,71.032890,12.700770
5.88,3.50,8.67,0.98,23.28,1.37,0.75,0.67,2.37,6.18,2.00,0.57,83.373550,10.939682
5.88,7.00,9.61,0.80,33.69,1.88,0.36,0.26,3.82,7.70,1.00,0.55,91.526573,16.443228
3.43,2.80,6.96,0.89,11.02,1.22,0.80,0.71,1.88,3.48,1.00,0.94,94.443756,21.908611
9.80,4.90,14.69,0.57,25.73,1.39,0.62,0.62,3.12,7.77,3.00,0.68,76.592308,7.864079
15.68,21.70,21.65,0.42,112.70,1.69,0.78,0.22,9.52,22.40,3.00,0.20,61.511879,12.310811
23.03,6.30,21.49,0.63,68.60,1.68,0.75,0.60,3.26,9.43,2.00,0.52,58.153988,3.752508
65.17,11.90,50.10,0.33,256.03,1.76,0.89,0.75,17.19,52.10,16.00,0.37,29.850512,17.471956
2.45,2.10,6.02,0.85,8.57,1.14,0.50,0.50,1.54,3.35,1.00,0.55,104.668098,18.996395
40.18,11.90,46.83,0.23,143.33,1.42,0.94,0.53,11.04,29.37,7.00,0.20,41.392265,7.682678
18.13,7.70,27.38,0.30,156.19,1.73,0.80,0.61,7.24,25.98,7.00,0.37,50.412853,2.190252
21.07,7.00,18.68,0.76,36.14,1.63,0.60,0.54,3.54,6.42,1.00,0.76,67.715935,8.071843
80.36,18.20,90.62,0.12,247.45,1.66,0.89,0.13,22.11,51.80,8.00,0.11,45.351101,48.435017
67.13,12.60,59.72,0.24,181.30,1.62,0.95,0.19,10.37,26.28,0.00,0.23,35.274384,17.257278
197.96,23.80,98.17,0.26,735.61,1.67,0.90,0.13,26.39,46.10,-16.00,0.24,54.114262,127.595833
11.27,7.00,17.83,0.45,22.66,1.55,0.80,0.54,4.46,9.90,5.00,0.33,66.652832,2.394290
7.35,4.90,14.14,0.46,29.40,1.33,0.89,0.60,3.67,7.90,1.00,0.53,74.357834,7.724019
9.80,5.60,14.86,0.56,24.50,1.47,0.62,0.62,2.35,5.53,2.00,0.63,74.392708,6.851493
10.78,4.20,13.37,0.76,39.20,1.31,0.88,0.88,2.88,6.55,1.00,0.83,77.192139,15.974398
4.90,7.00,10.16,0.60,26.34,1.18,0.90,0.54,5.53,11.25,4.00,0.33,81.034348,9.095520
40.18,11.20,46.90,0.23,199.06,1.81,0.81,0.61,11.03,39.08,15.00,0.33,38.272251,9.791957
2.45,2.10,5.47,1.03,12.25,1.07,0.67,0.60,1.94,3.95,1.00,0.70,103.842941,22.258307
6.37,4.20,12.20,0.54,18.99,1.51,0.75,0.67,3.81,6.65,0.00,0.47,74.362091,5.997567
9.80,3.50,12.27,0.82,24.50,1.27,1.00,0.89,2.40,5.07,1.00,0.79,80.800262,19.241961
70.07,21.70,96.74,0.09,128.62,1.62,0.71,0.20,24.34,48.93,18.00,0.10,62.293594,57.284775
13.23,5.60,15.86,0.66,40.42,1.35,0.91,0.65,5.94,11.38,2.00,0.48,68.247437,5.898703
15.68,6.30,18.68,0.56,23.28,1.63,0.67,0.40,3.21,5.77,1.00,0.56,69.191750,4.967151
24.99,9.10,28.29,0.39,110.25,1.45,0.92,0.69,8.57,23.98,10.00,0.40,50.053127,3.042852
15.19,5.60,17.51,0.62,33.07,1.68,0.78,0.60,2.99,6.37,1.00,0.69,65.917892,6.923051
24.01,9.80,26.35,0.43,45.32,1.41,1.00,0.38,6.32,11.98,1.00,0.33,58.025192,5.204140
104.86,13.30,65.90,0.30,794.41,1.57,0.84,0.84,22.12,60.67,-17.00,0.48,17.614155,50.757740
20.58,6.30,16.80,0.92,53.90,1.60,0.82,0.65,5.67,12.08,3.00,0.53,62.027458,4.754326
204.33,17.50,118.91,0.18,406.70,1.52,0.96,0.14,15.91,40.58,3.00,0.19,61.878502,125.287666
15.19,7.00,18.61,0.55,23.28,1.84,0.70,0.36,4.25,8.03,2.00,0.52,68.118477,6.483604
172.97,22.40,106.00,0.19,818.30,1.70,1.00,0.71,49.87,121.90,7.00,0.12,85.568169,166.057053
29.40,8.40,31.59,0.37,239.49,1.53,0.81,0.66,11.82,39.50,6.00,0.43,41.472256,2.329902
24.50,6.30,17.90,0.96,46.55,1.62,0.89,0.79,3.66,7.02,1.00,0.96,65.318718,16.037718
8.33,3.50,10.55,0.94,38.59,1.74,0.71,0.47,2.23,5.77,1.00,0.93,83.327606,16.807932
8.33,4.20,11.49,0.79,52.06,1.39,0.55,0.55,3.34,8.78,2.00,0.64,82.488083,9.532297
6.37,3.50,9.06,0.97,28.18,1.46,0.38,0.34,1.86,4.70,1.00,0.75,99.142151,18.417437
4.41,3.50,8.45,0.78,14.70,1.28,0.67,0.60,1.86,4.18,1.00,0.75,89.327873,14.045653
3.43,3.50,7.74,0.72,14.70,1.66,0.30,0.30,2.75,5.35,2.00,0.46,99.872253,15.999045
4.90,3.50,8.51,0.85,33.07,1.44,0.17,0.17,4.40,8.10,1.00,0.32,112.587593,22.546560
35.77,11.20,36.90,0.33,238.87,1.73,0.89,0.75,12.96,48.72,23.00,0.33,44.872986,13.625193
20.09,6.30,24.47,0.42,34.30,1.48,0.75,0.30,6.90,12.73,5.00,0.30,66.296936,2.556401
1.96,2.10,5.08,0.95,10.41,1.24,0.83,0.60,2.53,4.37,1.00,0.64,93.482689,16.150976
5.39,8.40,10.71,0.59,20.21,1.26,0.83,0.30,5.61,10.78,6.00,0.25,82.649162,7.479894
21.56,15.40,31.43,0.27,58.80,2.16,0.22,0.16,5.40,15.43,7.00,0.22,86.329285,30.193304
25.48,11.90,29.78,0.36,78.40,1.62,0.71,0.32,6.44,13.62,1.00,0.35,54.373184,2.994387
27.93,23.80,41.04,0.21,96.77,1.83,0.23,0.20,9.57,23.80,6.00,0.16,75.128342,29.979805
10.78,4.20,11.88,0.96,20.83,1.48,0.71,0.71,2.45,4.83,1.00,0.83,79.422615,13.578916
1.96,3.50,5.63,0.78,34.30,1.30,0.89,0.79,5.01,8.78,0.00,0.52,83.239449,12.464530
7.35,4.90,12.43,0.60,59.41,1.38,0.77,0.69,7.99,15.98,2.00,0.36,72.154144,4.547709
12.25,7.00,18.13,0.47,15.31,1.79,0.50,0.18,2.83,4.88,1.00,0.47,80.201538,10.326012
4.41,10.50,10.71,0.48,36.75,1.50,0.60,0.48,6.96,12.65,2.00,0.35,74.125458,3.803402
15.19,5.60,19.78,0.49,47.16,1.32,0.91,0.81,5.84,12.12,1.00,0.31,65.659203,7.035234
96.04,14.00,60.04,0.33,771.75,1.66,0.83,0.80,12.39,66.33,28.00,0.29,25.371901,43.754131
49.00,11.20,44.57,0.31,131.69,1.68,0.81,0.45,6.58,15.88,1.00,0.46,36.908192,6.154462
11.27,7.00,14.14,0.71,75.95,1.41,0.81,0.45,5.19,12.68,1.00,0.36,69.424820,3.789714
18.62,7.70,20.71,0.55,87.59,1.57,0.75,0.74,3.90,12.97,2.00,0.61,56.856369,4.154032
28.42,11.90,39.00,0.23,50.84,1.83,0.71,0.21,6.38,14.27,4.00,0.24,55.953449,8.070766
103.39,28.00,107.55,0.11,406.70,1.49,0.90,0.18,40.90,88.05,8.00,0.05,80.366341,111.761040
292.53,28.00,199.11,0.09,893.02,1.51,0.93,0.45,39.69,104.58,7.00,0.09,222.745575,379.360535
8.33,5.60,15.63,0.43,24.50,1.34,0.80,0.54,4.18,8.37,1.00,0.43,73.545723,5.422702
22.05,7.70,19.23,0.75,90.04,1.46,0.62,0.62,8.31,19.57,2.00,0.54,61.082439,3.078129
26.95,7.70,20.94,0.77,50.84,1.62,0.82,0.49,4.42,7.72,1.00,0.76,59.593483,7.031328
9.80,4.20,11.88,0.87,14.09,1.46,0.83,0.83,2.42,4.18,1.00,0.87,78.136482,15.618424
3.43,2.80,7.74,0.72,50.22,1.53,0.54,0.54,6.73,13.17,2.00,0.46,84.302628,7.563222
49.98,12.60,55.51,0.20,183.14,1.56,0.89,0.66,12.61,33.92,9.00,0.30,32.296371,10.632610
23.52,6.30,19.78,0.76,42.88,1.55,0.80,0.71,5.26,9.43,2.00,0.76,60.935982,7.277271
6.37,6.30,10.94,0.67,53.90,1.37,0.71,0.51,4.76,10.37,2.00,0.46,76.098740,5.097136
22.54,6.30,22.04,0.58,72.89,1.46,1.00,0.89,4.02,11.43,2.00,0.50,56.528873,8.232489
49.00,13.30,52.69,0.22,110.86,1.66,0.78,0.31,11.16,24.07,3.00,0.20,40.562050,9.740713
17.64,7.00,25.80,0.33,45.94,1.32,1.00,0.65,4.92,10.92,3.00,0.37,61.761921,6.862488
32.83,11.20,39.87,0.26,93.10,1.83,0.69,0.67,8.21,20.58,5.00,0.33,43.869350,5.697974
33.81,8.40,28.22,0.53,76.56,1.69,0.88,0.33,8.49,16.87,5.00,0.29,51.944927,2.812052
12.74,7.70,21.43,0.35,15.92,1.36,0.91,0.16,4.45,7.62,2.00,0.35,74.532440,7.668915
98.49,13.30,63.63,0.31,921.20,1.64,0.95,0.84,6.93,48.33,7.00,0.48,4.463340,36.061333
5.88,4.90,10.94,0.62,33.69,1.38,0.67,0.56,4.91,9.77,0.00,0.61,78.734283,7.346781
21.07,10.50,23.92,0.46,75.34,1.50,0.80,0.48,6.98,18.12,6.00,0.28,56.265942,0.977256
21.56,10.50,23.76,0.48,47.16,1.87,0.33,0.24,3.39,8.77,1.00,0.49,75.446320,14.147861
22.54,11.20,28.22,0.36,62.47,1.53,0.81,0.45,5.34,14.78,6.00,0.29,54.647190,1.838988
4.90,3.50,10.16,0.60,17.76,1.36,1.00,0.67,3.50,6.37,1.00,0.47,78.533218,10.612618
88.20,14.00,65.67,0.26,190.49,1.74,0.90,0.34,12.56,28.67,7.00,0.30,28.073654,22.882925
49.98,22.40,60.11,0.17,128.62,1.70,0.76,0.21,8.07,21.93,3.00,0.19,44.188389,22.839281
7.84,4.20,12.04,0.68,20.21,1.46,0.86,0.77,2.10,4.83,1.00,0.62,74.232002,9.490155
35.28,9.80,30.72,0.47,107.80,1.65,0.69,0.56,5.94,13.52,1.00,0.47,46.578171,2.416040
0.98,1.40,3.20,1.20,21.44,1.75,0.29,0.21,4.46,7.82,2.00,0.31,114.061668,24.165209
4.90,8.40,11.49,0.47,68.60,1.65,0.30,0.30,10.68,22.00,5.00,0.25,87.621140,10.839803
7.35,4.20,10.94,0.77,22.05,1.46,0.57,0.51,1.38,3.77,1.00,0.86,86.513214,14.065331
2.94,2.10,6.41,0.90,15.31,1.03,1.00,0.71,2.25,4.13,1.00,0.81,100.340179,27.332573
17.64,7.70,21.88,0.46,42.88,1.68,0.57,0.51,5.00,10.78,1.00,0.30,64.801208,3.458284
3.43,3.50,9.55,0.47,22.05,1.23,0.93,0.26,9.16,15.98,11.00,0.23,91.751358,11.668644
70.56,12.60,43.92,0.46,576.36,1.55,0.90,0.78,17.36,56.48,-3.00,0.55,17.142698,19.164106
17.64,7.70,26.51,0.32,79.01,1.54,1.00,0.69,7.57,17.62,3.00,0.42,53.249538,4.335690
53.41,11.20,39.39,0.43,135.36,1.58,0.75,0.45,9.40,21.57,4.00,0.44,37.633518,3.749221
6.37,4.20,10.55,0.72,11.02,1.56,0.67,0.60,1.60,3.53,1.00,0.72,80.161469,9.982362
17.64,7.00,18.84,0.62,107.19,1.61,0.79,0.79,4.89,14.87,3.00,0.54,56.651569,3.874061
14.21,8.40,17.51,0.58,60.02,1.57,0.69,0.55,6.65,12.03,-1.00,0.58,62.995518,3.341280
4.90,4.20,8.12,0.93,31.85,1.66,0.58,0.45,4.83,10.63,4.00,0.57,83.595039,8.838283
74.48,13.30,74.67,0.17,183.14,1.58,0.95,0.19,12.50,29.87,3.00,0.24,35.893555,26.001060
9.80,4.20,15.63,0.50,25.11,1.30,0.86,0.77,3.72,7.25,0.00,0.78,75.549492,12.855633
10.29,4.20,12.43,0.84,42.26,1.16,1.00,0.98,2.33,6.55,1.00,0.81,83.317116,23.261089
13.72,5.60,14.92,0.77,17.15,1.56,0.62,0.22,2.79,4.73,1.00,0.77,81.239304,11.141838
92.61,13.30,60.27,0.32,826.26,1.67,1.00,0.84,9.67,52.48,11.00,0.48,7.592887,33.250053
20.09,7.00,18.84,0.71,46.55,1.67,0.67,0.67,5.14,10.08,2.00,0.55,61.579914,4.169459
12.25,7.00,17.35,0.51,28.79,1.47,0.60,0.36,1.90,5.30,1.00,0.51,74.873917,5.755758
6.37,4.20,12.04,0.55,10.41,1.39,1.00,0.89,2.72,5.07,2.00,0.55,75.438316,12.701665
3.92,8.40,8.67,0.65,19.60,1.67,0.67,0.30,3.89,7.67,2.00,0.39,79.069626,6.040880
115.15,16.80,59.78,0.40,1249.50,1.63,0.96,0.91,7.44,40.45,-5.00,0.44,1.224055,52.666569
18.62,6.30,20.33,0.57,67.99,1.68,0.75,0.75,4.82,11.57,0.00,0.63,58.541958,5.525940
2.45,3.50,5.47,1.03,23.28,1.22,0.88,0.67,3.59,6.78,2.00,0.69,90.774788,16.910398
93.10,13.30,52.53,0.42,580.65,1.71,0.90,0.78,9.68,38.07,-1.00,0.35,9.660256,22.261332
17.64,9.80,24.70,0.36,67.38,1.66,0.77,0.32,8.40,17.93,2.00,0.20,59.893559,2.633933
82.32,13.30,57.38,0.31,588.00,1.68,0.82,0.78,7.99,28.83,-1.00,0.42,11.571409,20.229635
14.70,5.60,15.47,0.77,25.11,1.39,0.75,0.45,3.85,6.73,1.00,0.70,74.422798,7.911426
9.80,4.20,12.82,0.75,17.76,1.25,1.00,0.89,2.47,4.83,1.00,0.75,79.587357,18.145643
9.80,7.00,16.41,0.46,47.16,1.38,0.80,0.71,5.30,12.13,3.00,0.46,66.966042,4.330005
5.39,4.20,10.16,0.66,42.26,1.46,0.86,0.56,2.78,7.12,2.00,0.69,76.910217,9.020813
39.69,13.30,57.38,0.15,82.69,1.56,0.74,0.38,10.13,23.47,5.00,0.17,45.221352,10.185781
88.69,23.10,107.35,0.10,268.89,1.73,0.74,0.15,35.70,74.48,13.00,0.07,72.677452,88.151215
24.50,7.70,23.53,0.56,83.91,1.49,0.82,0.81,4.72,14.68,5.00,0.45,53.515694,3.292761
44.10,11.90,36.35,0.42,336.26,1.52,0.74,0.65,8.47,33.33,8.00,0.41,32.553272,3.628486
47.53,16.80,62.85,0.15,126.17,1.65,0.79,0.15,13.63,31.68,7.00,0.15,45.764809,18.786270
17.15,8.40,25.96,0.32,44.71,1.80,0.43,0.38,3.81,9.67,2.00,0.36,70.119896,8.419657
0.98,1.40,3.37,1.09,20.21,1.52,0.50,0.36,3.55,6.03,1.00,0.68,101.642868,17.466299
27.44,11.20,28.84,0.41,71.66,1.66,0.50,0.22,4.53,11.42,1.00,0.43,62.412136,6.568758
15.68,15.40,28.38,0.24,652.31,1.80,0.85,0.58,51.86,124.40,13.00,0.11,101.374077,80.695480
7.35,4.20,12.82,0.56,12.25,1.27,0.67,0.67,2.54,5.25,2.00,0.60,81.880165,9.907799
10.29,3.50,12.27,0.86,22.66,1.29,0.83,0.83,1.91,4.60,1.00,0.83,81.692146,17.042641
84.77,14.00,81.24,0.16,507.15,1.54,1.00,0.93,28.99,76.92,10.00,0.18,33.446651,53.579308
48.02,14.70,46.99,0.27,113.93,1.77,0.81,0.17,7.33,23.23,11.00,0.23,45.598312,11.868727
12.25,6.30,16.96,0.54,31.24,1.85,0.60,0.36,2.55,6.92,2.00,0.56,73.503967,8.656160
1.47,4.20,4.69,0.84,12.86,1.19,0.86,0.51,3.42,6.65,4.00,0.51,91.771225,13.301933
69.09,19.60,66.12,0.20,143.33,1.52,0.79,0.26,16.94,31.27,1.00,0.18,39.249630,24.793549
17.64,7.00,18.29,0.66,52.67,1.64,0.82,0.81,3.67,10.87,4.00,0.61,59.557278,5.903174
6.86,4.20,12.20,0.58,8.57,1.54,0.83,0.30,2.76,4.78,2.00,0.58,79.481522,7.821333
2.45,2.80,5.47,1.03,14.09,1.30,0.83,0.83,4.29,8.78,6.00,0.49,88.574997,14.245904
123.97,14.70,67.00,0.35,962.85,1.73,0.84,0.74,14.81,75.53,17.00,0.59,13.434064,56.709827
1.47,3.50,4.53,0.90,15.92,1.35,0.62,0.45,3.24,5.58,1.00,0.59,93.256439,12.242573
15.19,9.10,22.43,0.38,54.51,1.82,0.59,0.21,4.50,10.73,1.00,0.33,69.499390,7.275238
44.10,18.90,68.29,0.12,88.81,1.70,0.52,0.20,17.94,36.58,16.00,0.11,60.224461,28.852777
6.86,4.90,11.49,0.65,20.83,1.52,0.50,0.45,3.38,6.42,1.00,0.43,83.295044,7.467155
42.63,9.10,30.49,0.58,203.96,1.81,1.00,0.76,14.05,37.15,12.00,0.61,38.938889,10.589903
17.64,7.70,17.35,0.74,45.32,1.53,0.85,0.55,8.25,16.08,6.00,0.34,62.270531,1.859748
14.21,4.90,14.69,0.83,37.36,1.54,0.50,0.45,3.48,7.90,2.00,0.53,78.593880,7.578140
32.83,8.40,28.13,0.52,219.27,1.94,0.69,0.51,7.28,28.68,8.00,0.40,46.874695,5.901164
49.98,11.20,45.96,0.30,154.35,1.61,0.88,0.56,7.45,17.52,1.00,0.45,33.752960,6.409138
16.66,5.60,17.74,0.67,40.42,1.50,0.67,0.30,5.53,10.27,1.00,0.42,72.053322,4.114258
23.52,15.40,31.98,0.29,61.86,2.14,0.23,0.14,6.28,17.62,7.00,0.21,84.137352,28.762749
22.54,7.00,20.55,0.67,64.31,1.79,0.54,0.54,4.70,12.32,4.00,0.53,63.777119,5.730116
17.64,8.40,19.07,0.61,37.97,1.91,0.40,0.24,2.97,6.47,1.00,0.50,78.928772,13.754764
9.80,3.50,10.94,1.03,24.50,1.50,0.71,0.71,1.65,4.42,1.00,0.96,84.068901,18.135900
13.72,8.40,27.45,0.23,26.34,1.52,0.58,0.45,6.49,12.08,3.00,0.23,67.180283,3.545908
13.72,7.00,16.80,0.61,37.36,1.34,0.90,0.71,4.51,8.37,1.00,0.56,66.771896,7.120285
1.47,7.00,4.14,1.08,25.73,1.62,0.43,0.26,4.94,8.60,2.00,0.42,96.131584,13.711532
30.38,7.70,23.76,0.68,103.51,1.54,0.83,0.83,4.02,14.08,4.00,0.43,50.392452,3.997432
7.84,4.20,13.21,0.56,27.56,1.32,0.80,0.54,2.78,6.37,1.00,0.43,78.022865,7.178780
16.17,10.50,25.41,0.31,36.14,1.89,0.53,0.24,3.55,9.07,3.00,0.35,69.828926,9.418825
24.01,8.40,24.86,0.49,69.82,1.40,0.69,0.55,3.94,10.32,1.00,0.47,59.110844,3.059285
30.87,9.10,27.35,0.52,52.67,1.77,0.77,0.41,5.92,10.47,2.00,0.52,52.774467,3.887172
24.50,7.00,27.35,0.41,61.25,1.45,0.83,0.60,6.09,12.27,2.00,0.43,55.291561,2.429046
16.66,5.60,16.02,0.82,37.97,1.38,0.89,0.60,3.79,7.77,3.00,0.67,69.431122,8.085298
6.86,3.50,11.88,0.61,77.17,1.54,0.77,0.62,9.03,22.73,11.00,0.41,72.624290,4.192107
111.72,15.40,75.90,0.24,401.80,1.52,0.91,0.91,18.30,51.63,14.00,0.31,22.271748,43.480473
29.89,11.90,48.12,0.16,124.34,1.58,0.94,0.20,12.56,27.37,9.00,0.28,49.537853,9.304470
3.43,5.60,9.77,0.45,22.05,1.27,0.62,0.62,3.93,8.23,2.00,0.49,83.264893,8.500848
10.78,5.60,16.02,0.53,20.83,1.59,0.70,0.36,5.50,9.85,4.00,0.36,73.010338,3.242741
31.85,7.70,27.51,0.53,143.33,1.90,0.71,0.51,9.18,22.68,2.00,0.59,48.880505,5.862297
43.61,9.80,33.53,0.49,118.21,1.55,0.71,0.64,6.88,18.17,4.00,0.50,41.864365,2.418044
35.77,11.20,34.47,0.38,116.99,1.68,0.81,0.56,6.26,17.28,4.00,0.36,42.051174,2.588336
0.98,1.40,3.20,1.20,8.57,1.04,0.80,0.71,2.13,3.72,1.00,0.80,109.047279,29.256304
1.47,4.90,4.69,0.84,57.57,1.42,0.86,0.86,10.31,20.68,7.00,0.31,78.762833,8.863049
8.33,4.20,10.55,0.94,23.28,1.51,0.71,0.51,1.75,4.18,1.00,0.94,84.583549,15.717798
32.34,11.90,38.06,0.28,73.50,1.69,0.76,0.34,8.01,16.87,1.00,0.27,48.453159,4.398411
9.31,4.20,11.33,0.91,11.64,1.49,0.67,0.30,2.10,3.67,1.00,0.91,88.647659,15.876754
122.50,24.50,133.67,0.09,425.69,1.78,0.90,0.13,37.10,74.18,-1.00,0.09,83.318520,133.016159
63.70,11.90,44.79,0.40,402.41,1.67,1.00,0.84,11.56,45.45,9.00,0.38,20.791897,14.065960
22.54,6.30,18.68,0.81,63.09,1.59,0.82,0.81,3.44,10.55,4.00,0.66,59.665176,7.114918
3.92,2.80,7.35,0.91,12.25,1.24,0.80,0.71,1.45,3.48,1.00,0.94,93.714684,21.739304
24.01,7.70,24.08,0.52,122.50,1.36,1.00,0.89,5.77,16.50,1.00,0.60,53.275921,9.183629
1.96,5.60,5.47,0.82,96.16,1.59,0.75,0.56,6.44,14.82,2.00,0.48,75.263100,5.678141
17.15,8.40,20.55,0.51,32.46,1.70,0.50,0.30,2.92,6.65,1.00,0.48,71.805824,6.998177
85.75,13.30,45.80,0.51,545.74,1.58,0.95,0.89,10.03,37.33,1.00,0.47,11.926496,19.208651
3.92,4.20,9.22,0.58,12.86,1.35,0.60,0.54,3.42,6.60,3.00,0.36,85.985474,7.614482
98.00,13.30,56.12,0.39,825.04,1.58,0.84,0.84,16.65,54.35,-12.00,0.42,10.784566,37.097832
268.03,28.00,131.63,0.19,1198.66,1.61,0.93,0.71,60.06,167.32,45.00,0.19,232.627625,367.878540
20.58,5.60,19.39,0.69,54.51,1.55,0.73,0.65,2.86,7.48,1.00,0.65,63.280857,5.722481
8.33,4.20,11.49,0.79,19.60,1.55,0.71,0.51,2.01,4.55,1.00,0.79,79.637840,10.765608
18.62,9.10,25.96,0.35,45.32,1.79,0.50,0.38,3.72,10.32,3.00,0.38,65.989723,6.493190
2.94,8.40,7.74,0.62,69.82,1.67,0.39,0.39,8.41,16.10,0.00,0.33,84.009460,9.056263
20.58,10.50,24.70,0.42,75.34,1.69,0.77,0.32,7.03,16.87,1.00,0.21,57.909248,3.068658
0.98,1.40,3.20,1.20,21.44,1.29,0.67,0.67,5.52,9.90,4.00,0.38,98.056335,15.639783
9.31,4.90,11.88,0.83,50.84,1.21,0.92,0.60,4.71,12.97,5.00,0.29,79.599007,9.819849
24.01,7.70,25.73,0.46,105.96,1.42,1.00,0.89,5.94,15.93,4.00,0.53,51.940987,7.559610
4.41,3.50,8.12,0.84,27.56,1.69,0.18,0.18,4.10,8.05,1.00,0.28,109.813278,22.346796
68.11,11.90,56.28,0.27,540.84,1.85,0.94,0.68,11.93,54.38,9.00,0.43,17.103432,21.382711
7.84,4.90,13.37,0.55,15.92,1.52,0.50,0.50,2.64,5.30,1.00,0.54,81.142899,7.870080
17.64,9.10,21.88,0.46,36.75,1.87,0.50,0.26,2.71,7.30,2.00,0.44,71.953178,9.534150
38.22,12.60,37.45,0.34,101.67,1.63,0.78,0.40,5.91,16.73,3.00,0.33,43.890324,3.585534
7.84,3.50,10.39,0.91,19.60,1.22,0.83,0.60,2.76,4.88,1.00,0.79,87.138885,16.199442
111.23,14.00,57.29,0.43,863.62,1.81,0.88,0.74,13.01,43.72,-10.00,0.50,6.396459,40.624924
8.82,5.60,13.21,0.64,18.99,1.65,0.56,0.40,3.46,6.73,2.00,0.54,78.363548,6.716492
17.15,4.90,16.41,0.80,36.14,1.64,0.75,0.30,4.61,8.27,1.00,0.54,71.524910,6.096944
33.32,9.10,29.94,0.47,135.36,1.50,0.77,0.70,6.87,18.97,3.00,0.52,44.968002,2.206111
12.25,6.30,18.45,0.45,26.34,1.38,0.89,0.60,4.51,7.90,0.00,0.42,67.599976,5.263342
21.56,13.30,30.49,0.29,46.55,1.50,0.65,0.27,7.00,13.90,1.00,0.22,61.268536,4.923838
2.45,2.10,5.63,0.97,9.19,1.17,0.80,0.71,1.75,3.30,1.00,0.80,97.274193,21.439196
7.84,4.90,12.04,0.68,9.80,1.75,0.71,0.26,2.26,4.18,2.00,0.68,81.041237,10.557313
22.54,10.50,29.87,0.32,44.71,2.08,0.47,0.21,5.16,12.32,3.00,0.34,71.186249,16.035095
6.37,5.60,13.37,0.45,12.86,1.63,0.40,0.40,3.91,6.42,1.00,0.43,85.114624,9.306800
26.46,7.70,23.14,0.62,94.32,1.74,0.81,0.56,7.06,15.98,2.00,0.39,52.198921,2.327084
4.41,4.90,8.67,0.74,21.44,1.32,0.80,0.54,5.99,11.85,7.00,0.27,82.777351,6.850444
24.99,10.50,29.87,0.35,65.54,1.77,0.60,0.48,5.88,15.57,5.00,0.47,54.506718,3.930616
35.77,7.70,37.84,0.31,98.00,1.74,0.69,0.67,9.08,23.75,10.00,0.31,46.590923,4.030083
20.58,11.20,29.00,0.31,81.46,1.75,0.67,0.30,8.45,16.87,1.00,0.26,57.888489,4.295963
55.86,11.20,45.25,0.34,298.29,1.73,1.00,0.75,11.91,44.07,12.00,0.41,26.917343,12.539998
26.95,7.70,21.88,0.71,70.44,1.70,0.62,0.62,5.62,10.18,-1.00,0.58,57.943092,5.097365
12.74,4.90,13.21,0.92,34.30,1.38,0.71,0.70,2.20,5.35,1.00,0.82,77.948402,12.959893
16.17,7.70,16.57,0.74,79.62,1.63,0.77,0.55,5.62,16.40,4.00,0.45,60.882389,2.061926
19.60,9.80,25.25,0.39,25.73,1.71,0.67,0.36,5.05,9.25,4.00,0.37,61.820267,3.218916
8.82,4.20,13.92,0.57,34.91,1.28,0.86,0.84,2.50,6.37,1.00,0.77,77.090225,14.124529
7.35,4.90,13.76,0.49,14.70,1.24,0.88,0.45,3.22,6.13,1.00,0.41,80.592529,8.908925
1.96,5.60,5.08,0.95,19.60,1.30,0.80,0.80,7.58,13.38,8.00,0.35,84.803787,10.424728
19.60,10.50,27.12,0.33,69.82,1.83,0.42,0.19,5.19,11.85,-1.00,0.34,70.951355,11.189392
8.33,4.90,11.88,0.74,16.54,1.61,0.50,0.50,3.11,5.53,1.00,0.47,81.458542,7.953592
84.28,14.70,101.15,0.10,172.72,1.49,0.95,0.17,15.89,36.87,5.00,0.12,48.006687,50.404179
2.45,2.10,5.63,0.97,31.24,1.49,0.70,0.70,4.60,8.50,2.00,0.71,86.685371,13.014826
221.48,25.90,104.83,0.25,1021.65,1.62,0.97,0.68,56.47,145.53,15.00,0.13,130.252823,235.571686
5.88,3.50,10.94,0.62,18.38,1.46,0.64,0.49,3.53,7.25,2.00,0.35,82.079788,6.198720
24.50,7.00,21.65,0.66,47.16,1.43,0.80,0.54,4.76,9.90,3.00,0.70,61.443932,5.253579
4.41,2.80,7.74,0.93,14.70,1.34,0.57,0.57,2.37,4.88,2.00,0.79,93.456024,15.835270
49.49,20.30,63.79,0.15,158.64,1.67,0.74,0.15,13.95,32.95,3.00,0.13,45.127827,23.268610
5.39,4.20,9.61,0.73,32.46,1.38,0.67,0.67,4.68,10.00,4.00,0.67,80.708008,8.880239
20.58,11.20,29.78,0.29,58.80,1.69,0.56,0.33,4.66,12.13,3.00,0.32,61.024906,4.666250
18.62,10.50,26.18,0.34,42.88,1.60,0.60,0.24,3.60,8.88,0.00,0.37,65.729088,5.179423
89.67,12.60,78.49,0.18,842.19,1.68,0.95,0.72,9.99,53.72,-5.00,0.43,9.150336,41.715649
6.37,6.30,15.08,0.35,11.64,1.26,0.78,0.40,2.84,5.72,2.00,0.31,81.147476,7.756321
52.92,11.90,55.18,0.22,138.43,1.67,0.89,0.20,8.71,21.37,0.00,0.26,39.855568,12.620025
33.32,7.70,29.94,0.47,147.61,1.47,0.93,0.89,7.75,25.28,9.00,0.55,45.070675,6.200720
16.66,9.80,32.62,0.20,20.83,1.38,1.00,0.13,7.75,13.57,8.00,0.20,69.594864,9.812535
48.02,9.80,33.76,0.53,213.76,1.81,0.87,0.73,6.10,22.58,4.00,0.49,33.452976,6.394899
32.83,10.50,29.00,0.49,80.24,1.58,0.80,0.24,7.19,14.17,2.00,0.37,53.284714,3.018273
19.60,14.70,19.61,0.64,113.31,1.46,0.85,0.27,9.14,21.47,4.00,0.22,60.094006,4.638753
209.23,28.00,218.34,0.06,458.76,1.49,0.90,0.18,45.67,91.30,6.00,0.06,232.343185,345.394989
9.31,7.00,16.41,0.43,15.92,1.56,0.60,0.54,4.22,8.13,4.00,0.42,71.935234,3.584211
10.78,5.60,16.57,0.49,32.46,1.34,1.00,0.60,3.60,7.02,0.00,0.62,70.978279,9.867865
10.78,4.20,12.27,0.90,25.73,1.62,0.75,0.45,2.03,5.20,1.00,0.76,77.961220,10.815691
30.38,10.50,28.29,0.48,84.52,1.64,0.56,0.56,6.01,18.58,8.00,0.36,53.476883,2.356798
79.87,12.60,51.34,0.38,298.29,1.70,0.96,0.14,19.54,49.83,9.00,0.12,36.192245,22.898573
19.11,5.60,17.90,0.75,39.81,1.44,0.88,0.88,3.80,7.95,2.00,0.66,64.446404,9.324484
19.60,9.80,31.27,0.25,53.90,1.75,0.50,0.22,5.35,11.88,2.00,0.38,66.200523,7.483590
6.37,4.20,11.49,0.61,28.18,1.47,0.64,0.51,4.80,9.02,1.00,0.30,79.569130,5.351484
5.39,7.70,11.88,0.48,52.67,1.86,0.26,0.26,7.90,15.77,1.00,0.26,91.700768,15.931653
3.92,2.80,7.35,0.91,15.92,1.27,0.67,0.60,1.80,3.90,1.00,0.86,94.375793,18.375793
38.71,8.40,26.25,0.71,162.92,1.54,0.93,0.91,4.83,16.13,3.00,0.61,43.407276,7.766177
58.80,11.20,45.18,0.36,276.85,1.92,1.00,0.75,13.59,48.72,20.00,0.38,34.071228,20.610519
21.07,6.30,19.61,0.69,53.29,1.54,0.89,0.79,3.17,6.83,1.00,0.79,61.391983,10.088899
113.68,14.00,59.33,0.41,657.21,1.61,0.80,0.80,17.98,51.73,-7.00,0.43,11.016079,36.770485
245.98,22.40,78.91,0.50,851.99,1.58,0.90,0.13,20.57,33.27,4.00,0.44,53.835682,134.430893
22.05,14.00,38.00,0.19,44.71,1.57,0.67,0.26,6.85,14.08,1.00,0.22,58.373211,6.569174
94.57,16.80,70.82,0.24,961.01,1.69,0.96,0.88,13.71,48.88,-9.00,0.46,6.476311,47.481522
23.52,17.50,33.47,0.26,127.40,1.36,0.88,0.27,8.74,22.17,4.00,0.27,54.307178,8.675446
13.72,8.40,20.39,0.41,44.10,1.88,0.33,0.24,3.58,8.35,1.00,0.49,81.485710,14.531659
37.73,23.80,47.61,0.21,121.27,1.80,0.19,0.19,10.85,23.20,1.00,0.18,72.033051,33.442234
26.46,9.10,23.21,0.62,90.04,1.60,0.80,0.60,6.11,19.57,10.00,0.38,52.866028,1.319993
9.31,4.90,14.86,0.53,22.05,1.46,0.80,0.54,4.43,8.13,2.00,0.50,71.823273,4.573784
8.33,4.90,13.21,0.60,15.92,1.46,0.57,0.57,2.34,5.35,2.00,0.59,79.170319,7.469553
7.84,7.70,16.64,0.36,12.25,1.50,0.27,0.27,2.12,4.28,1.00,0.36,92.412125,14.033695
10.29,5.60,15.24,0.56,32.46,1.70,0.38,0.38,4.57,9.48,1.00,0.39,82.055733,9.252563
23.52,7.00,20.71,0.69,80.24,1.48,0.82,0.81,4.57,14.13,4.00,0.66,56.983494,5.833695
10.29,6.30,13.98,0.66,47.16,1.49,0.45,0.45,2.94,7.40,1.00,0.64,80.260452,9.067254
10.78,6.30,18.06,0.42,174.56,1.31,0.82,0.82,12.05,32.17,7.00,0.36,62.310219,5.692675
27.44,9.10,27.51,0.46,85.75,1.78,0.73,0.60,5.19,13.33,1.00,0.40,50.247955,3.216855
14.70,5.60,15.08,0.81,27.56,1.39,0.88,0.67,3.14,6.37,1.00,0.71,70.854858,9.593053
36.26,19.60,44.57,0.23,129.24,1.84,0.46,0.13,11.84,27.37,4.00,0.19,58.208904,19.286749
75.46,11.90,60.98,0.26,728.26,1.92,1.00,0.67,11.32,37.80,-6.00,0.58,12.294595,30.857826
3.43,3.50,9.55,0.47,29.40,1.34,0.93,0.26,9.40,16.35,7.00,0.22,86.833878,9.106374
58.80,11.90,48.07,0.32,360.15,1.68,0.94,0.79,15.31,52.67,10.00,0.34,24.474661,14.557001
7.35,4.20,10.94,0.77,22.66,1.65,0.67,0.40,3.34,6.27,1.00,0.76,80.973816,10.367970
43.61,9.80,34.24,0.47,115.15,1.60,0.86,0.64,9.48,23.43,7.00,0.48,39.328419,2.750450
0.49,0.70,1.88,1.75,16.54,1.48,0.44,0.40,3.00,5.15,1.00,0.76,120.663422,33.370716
68.60,11.20,51.98,0.32,834.22,1.75,0.95,0.70,11.52,45.97,-2.00,0.51,9.933075,22.663559
5.88,3.50,11.49,0.56,14.70,1.24,0.67,0.67,1.91,4.42,1.00,0.70,86.190720,13.161123
4.90,2.80,7.74,1.03,20.83,1.26,1.00,0.93,1.66,4.37,1.00,0.84,89.988754,24.711027
4.90,3.50,9.77,0.64,42.26,1.60,0.75,0.56,3.14,7.90,0.00,0.72,77.558548,9.274435
0.49,4.20,1.88,1.75,20.21,1.72,0.29,0.26,4.03,7.12,2.00,0.39,121.891563,32.950382
32.34,8.40,30.33,0.44,457.54,1.96,1.00,0.63,17.27,56.18,6.00,0.40,37.171814,14.878937
26.95,9.80,27.83,0.44,98.61,1.62,0.76,0.34,8.08,17.28,3.00,0.30,53.351337,1.503254
9.31,5.60,12.66,0.73,26.34,1.66,0.56,0.40,2.24,6.03,1.00,0.62,79.237236,8.596864
4.41,4.20,9.61,0.60,43.49,1.45,0.80,0.48,6.04,13.20,5.00,0.35,77.903168,4.651854
12.25,9.10,16.96,0.54,48.39,1.47,1.00,0.27,6.60,14.87,5.00,0.22,69.087486,5.785613
157.29,21.70,69.56,0.41,1148.44,1.81,0.90,0.71,57.07,155.08,15.00,0.12,104.872360,177.136459
5.88,3.50,10.00,0.74,24.50,1.56,0.50,0.50,2.94,6.42,2.00,0.53,85.305786,9.102297
18.62,7.00,18.84,0.66,63.70,1.47,0.67,0.60,3.49,8.18,2.00,0.71,65.601486,6.028576
33.32,9.10,32.20,0.40,149.45,1.46,0.85,0.77,5.79,17.43,3.00,0.44,43.610569,3.436668
9.80,4.90,13.21,0.71,25.73,1.51,0.67,0.60,3.52,6.60,1.00,0.53,74.292076,5.709596
71.05,11.90,47.22,0.40,616.79,1.70,0.95,0.78,7.32,35.20,2.00,0.30,13.314742,15.697578
43.12,10.50,36.19,0.41,234.59,1.92,0.88,0.65,10.59,32.68,2.00,0.58,33.417236,9.156129
19.60,11.20,35.57,0.19,38.59,1.83,0.62,0.22,6.19,15.20,8.00,0.21,63.533985,8.176110
43.61,8.40,26.80,0.76,278.69,1.75,0.93,0.61,7.58,29.47,7.00,0.57,37.406052,5.909625
6.37,4.20,10.00,0.80,12.86,1.55,0.50,0.50,1.42,3.12,1.00,0.86,89.210220,15.390785
3.92,5.60,8.67,0.65,45.94,1.63,0.38,0.38,7.26,13.30,0.00,0.39,88.009392,9.984642
8.33,4.90,12.04,0.72,18.99,1.70,0.71,0.71,1.79,4.42,1.00,0.72,74.176544,10.352507
17.64,7.00,21.88,0.46,44.10,1.40,0.73,0.49,4.18,8.50,1.00,0.47,65.237411,3.467880
